{"fullScreen":true,"screen_w":2715,"screen_h":1527,"bgmvolume":0.20000000298023225,"sevolume":0.10000000149011612}