{"fullScreen":true,"screen_w":1920,"screen_h":1080,"bgmvolume":0.4000000059604645,"sevolume":0.20000000298023225}