{"fullScreen":false,"screen_w":1920,"screen_h":1080,"bgmvolume":0.20000000298023225,"sevolume":0.20000000298023225}